{
  "burnFrom": {
    "allowed": 3,
    "balances": 368,
    "burnedTotalNum_": 1,
    "totalSupply_": 1
  },
  "transferFrom": {
    "allowed": 3,
    "balances": 368,
    "burnedTotalNum_": 1,
    "totalSupply_": 1
  },
  "approve": {
    "allowed": 3
  },
  "allowance": {
    "allowed": 3
  },
  "increaseApproval": {
    "allowed": 3
  },
  "decreaseApproval": {
    "allowed": 3
  },
  "totalSupply": {
    "totalSupply_": 1
  },
  "totalBurned": {
    "burnedTotalNum_": 1
  },
  "burn": {
    "balances": 368,
    "burnedTotalNum_": 1,
    "totalSupply_": 1
  },
  "transfer": {
    "balances": 368,
    "burnedTotalNum_": 1,
    "totalSupply_": 1
  },
  "balanceOf": {
    "balances": 368
  },
  "batchTransfer": {
    "balances": 368,
    "burnedTotalNum_": 1,
    "totalSupply_": 1
  }
}