{
  "transferAnyERC20Token": {
    "owner": 1
  },
  "requestOwnershipTransfer": {
    "newOwnerCandidate": 1
  },
  "acceptOwnership": {
    "newOwnerCandidate": 1,
    "owner": 1
  },
  "approve": {
    "allowed": 630
  },
  "allowance": {
    "allowed": 630
  },
  "balanceOf": {
    "balances": 6605
  },
  "transfer": {
    "balances": 6605
  },
  "transferFrom": {
    "allowed": 630,
    "balances": 6605
  },
  "mint": {
    "balances": 6605,
    "totalSupply": 1
  },
  "endMinting": {
    "isMinting": 1
  }
}