{
  "transferAnyERC20Token": {
    "owner": 1
  },
  "requestOwnershipTransfer": {
    "newOwnerCandidate": 1
  },
  "acceptOwnership": {
    "newOwnerCandidate": 1,
    "owner": 1
  },
  "approve": {
    "allowed": 508
  },
  "allowance": {
    "allowed": 508
  },
  "balanceOf": {
    "balances": 3393
  },
  "transfer": {
    "balances": 3393
  },
  "transferFrom": {
    "allowed": 508,
    "balances": 3393
  },
  "mint": {
    "balances": 3393,
    "totalSupply": 1
  },
  "endMinting": {
    "isMinting": 1
  }
}