{
  "transferAnyERC20Token": {
    "owner": 1
  },
  "requestOwnershipTransfer": {
    "newOwnerCandidate": 1
  },
  "acceptOwnership": {
    "newOwnerCandidate": 1,
    "owner": 1
  },
  "approve": {
    "allowed": 273
  },
  "allowance": {
    "allowed": 273
  },
  "balanceOf": {
    "balances": 1387
  },
  "transfer": {
    "balances": 1387
  },
  "transferFrom": {
    "allowed": 273,
    "balances": 1387
  },
  "mint": {
    "balances": 1387,
    "totalSupply": 1
  },
  "endMinting": {
    "isMinting": 1
  }
}