{
  "transferAnyERC20Token": {
    "owner": 1
  },
  "requestOwnershipTransfer": {
    "newOwnerCandidate": 1
  },
  "acceptOwnership": {
    "newOwnerCandidate": 1,
    "owner": 1
  },
  "approve": {
    "allowed": 606
  },
  "allowance": {
    "allowed": 606
  },
  "balanceOf": {
    "balances": 4905
  },
  "transfer": {
    "balances": 4905
  },
  "transferFrom": {
    "allowed": 606,
    "balances": 4905
  },
  "mint": {
    "balances": 4905,
    "totalSupply": 1
  },
  "endMinting": {
    "isMinting": 1
  }
}