{
  "SourceCode": "pragma solidity ^0.4.24;\r\n\r\ncontract ERC20 {\r\n  function totalSupply() public constant returns (uint256);\r\n\r\n  function balanceOf(address _who) public constant returns (uint256);\r\n\r\n  function allowance(address _owner, address _spender) public constant returns (uint256);\r\n\r\n  function transfer(address _to, uint256 _value) public returns (bool);\r\n\r\n  function approve(address _spender, uint256 _fromValue,uint256 _toValue) public returns (bool);\r\n\r\n  function transferFrom(address _from, address _to, uint256 _value) public returns (bool);\r\n\r\n  event Transfer(address indexed from, address indexed to, uint256 value);\r\n\r\n  event Approval(address indexed owner, address indexed spender, uint256 value);\r\n}\r\n\r\ncontract Ownable {\r\n  address public owner;\r\n\r\n  event OwnershipRenounced(address indexed previousOwner);\r\n  event OwnershipTransferred(address indexed previousOwner, address indexed newOwner);\r\n\r\n  constructor() public {\r\n    owner = msg.sender;\r\n  }\r\n\r\n  modifier onlyOwner() {\r\n    require(msg.sender == owner);\r\n    _;\r\n  }\r\n\r\n  function renounceOwnership() public onlyOwner {\r\n    emit OwnershipRenounced(owner);\r\n    owner = address(0);\r\n  }\r\n\r\n  function transferOwnership(address _newOwner) public onlyOwner {\r\n    require(_newOwner != address(0));\r\n    emit OwnershipTransferred(owner, _newOwner);\r\n    owner = _newOwner;\r\n  }\r\n\r\n  \r\n}\r\n\r\ncontract Pausable is Ownable {\r\n  event Paused();\r\n  event Unpaused();\r\n\r\n  bool public paused = false;\r\n\r\n  modifier whenNotPaused() {\r\n    require(!paused);\r\n    _;\r\n  }\r\n\r\n  modifier whenPaused() {\r\n    require(paused);\r\n    _;\r\n  }\r\n\r\n  function pause() public onlyOwner whenNotPaused {\r\n    paused = true;\r\n    emit Paused();\r\n  }\r\n\r\n  function unpause() public onlyOwner whenPaused {\r\n    paused = false;\r\n    emit Unpaused();\r\n  }\r\n}\r\n\r\nlibrary SafeMath {\r\n  \r\n  function sub(uint256 _a, uint256 _b) internal pure returns (uint256) {\r\n    require(_b <= _a);\r\n    uint256 c = _a - _b;\r\n\r\n    return c;\r\n  }\r\n\r\n  function add(uint256 _a, uint256 _b) internal pure returns (uint256) {\r\n    uint256 c = _a + _b;\r\n    require(c >= _a);\r\n\r\n    return c;\r\n  }\r\n\r\n  \r\n}\r\n\r\ncontract Lambda is ERC20, Pausable {\r\n  using SafeMath for uint256;\r\n\r\n  mapping (address => uint256) balances;\r\n  mapping (address => mapping (address => uint256)) allowed;\r\n\r\n  string public symbol;\r\n  string public  name;\r\n  uint256 public decimals;\r\n  uint256 _totalSupply;\r\n\r\n  constructor() public {\r\n    symbol = \"LAMB\";\r\n    name = \"Lambda\";\r\n    decimals = 18;\r\n\r\n    _totalSupply = 6*(10**27);\r\n    balances[owner] = _totalSupply;\r\n    emit Transfer(address(0), owner, _totalSupply);\r\n  }\r\n\r\n  function totalSupply() public  constant returns (uint256) {\r\n    return _totalSupply;\r\n  }\r\n\r\n  function balanceOf(address _owner) public  constant returns (uint256) {\r\n    return balances[_owner];\r\n  }\r\n\r\n  function allowance(address _owner, address _spender) public  constant returns (uint256) {\r\n    return allowed[_owner][_spender];\r\n  }\r\n\r\n  function transfer(address _to, uint256 _value) public whenNotPaused returns (bool) {\r\n    require(_value <= balances[msg.sender]);\r\n    require(_to != address(0));\r\n\r\n    balances[msg.sender] = balances[msg.sender].sub(_value);\r\n    balances[_to] = balances[_to].add(_value);\r\n    emit Transfer(msg.sender, _to, _value);\r\n    return true;\r\n  }\r\n\r\n  function approve(address _spender, uint256 _fromValue, uint256 _toValue) public whenNotPaused returns (bool) {\r\n    require(_spender != address(0));\r\n    require(allowed[msg.sender][_spender] ==_fromValue);\r\n    allowed[msg.sender][_spender] = _toValue;\r\n    emit Approval(msg.sender, _spender, _toValue);\r\n    return true;\r\n  }\r\n\r\n  function transferFrom(address _from, address _to, uint256 _value) public whenNotPaused returns (bool){\r\n    require(_value <= balances[_from]);\r\n    require(_value <= allowed[_from][msg.sender]);\r\n    require(_to != address(0));\r\n\r\n    balances[_from] = balances[_from].sub(_value);\r\n    balances[_to] = balances[_to].add(_value);\r\n    allowed[_from][msg.sender] = allowed[_from][msg.sender].sub(_value);\r\n    emit Transfer(_from, _to, _value);\r\n    return true;\r\n  }\r\n\r\n  \r\n}",
  "ABI": "[{\"constant\":true,\"inputs\":[],\"name\":\"name\",\"outputs\":[{\"name\":\"\",\"type\":\"string\"}],\"payable\":false,\"stateMutability\":\"view\",\"type\":\"function\"},{\"constant\":true,\"inputs\":[],\"name\":\"totalSupply\",\"outputs\":[{\"name\":\"\",\"type\":\"uint256\"}],\"payable\":false,\"stateMutability\":\"view\",\"type\":\"function\"},{\"constant\":false,\"inputs\":[{\"name\":\"_from\",\"type\":\"address\"},{\"name\":\"_to\",\"type\":\"address\"},{\"name\":\"_value\",\"type\":\"uint256\"}],\"name\":\"transferFrom\",\"outputs\":[{\"name\":\"\",\"type\":\"bool\"}],\"payable\":false,\"stateMutability\":\"nonpayable\",\"type\":\"function\"},{\"constant\":true,\"inputs\":[],\"name\":\"decimals\",\"outputs\":[{\"name\":\"\",\"type\":\"uint256\"}],\"payable\":false,\"stateMutability\":\"view\",\"type\":\"function\"},{\"constant\":false,\"inputs\":[],\"name\":\"unpause\",\"outputs\":[],\"payable\":false,\"stateMutability\":\"nonpayable\",\"type\":\"function\"},{\"constant\":false,\"inputs\":[{\"name\":\"_spender\",\"type\":\"address\"},{\"name\":\"_fromValue\",\"type\":\"uint256\"},{\"name\":\"_toValue\",\"type\":\"uint256\"}],\"name\":\"approve\",\"outputs\":[{\"name\":\"\",\"type\":\"bool\"}],\"payable\":false,\"stateMutability\":\"nonpayable\",\"type\":\"function\"},{\"constant\":true,\"inputs\":[],\"name\":\"paused\",\"outputs\":[{\"name\":\"\",\"type\":\"bool\"}],\"payable\":false,\"stateMutability\":\"view\",\"type\":\"function\"},{\"constant\":true,\"inputs\":[{\"name\":\"_owner\",\"type\":\"address\"}],\"name\":\"balanceOf\",\"outputs\":[{\"name\":\"\",\"type\":\"uint256\"}],\"payable\":false,\"stateMutability\":\"view\",\"type\":\"function\"},{\"constant\":false,\"inputs\":[],\"name\":\"renounceOwnership\",\"outputs\":[],\"payable\":false,\"stateMutability\":\"nonpayable\",\"type\":\"function\"},{\"constant\":false,\"inputs\":[],\"name\":\"pause\",\"outputs\":[],\"payable\":false,\"stateMutability\":\"nonpayable\",\"type\":\"function\"},{\"constant\":true,\"inputs\":[],\"name\":\"owner\",\"outputs\":[{\"name\":\"\",\"type\":\"address\"}],\"payable\":false,\"stateMutability\":\"view\",\"type\":\"function\"},{\"constant\":true,\"inputs\":[],\"name\":\"symbol\",\"outputs\":[{\"name\":\"\",\"type\":\"string\"}],\"payable\":false,\"stateMutability\":\"view\",\"type\":\"function\"},{\"constant\":false,\"inputs\":[{\"name\":\"_to\",\"type\":\"address\"},{\"name\":\"_value\",\"type\":\"uint256\"}],\"name\":\"transfer\",\"outputs\":[{\"name\":\"\",\"type\":\"bool\"}],\"payable\":false,\"stateMutability\":\"nonpayable\",\"type\":\"function\"},{\"constant\":true,\"inputs\":[{\"name\":\"_owner\",\"type\":\"address\"},{\"name\":\"_spender\",\"type\":\"address\"}],\"name\":\"allowance\",\"outputs\":[{\"name\":\"\",\"type\":\"uint256\"}],\"payable\":false,\"stateMutability\":\"view\",\"type\":\"function\"},{\"constant\":false,\"inputs\":[{\"name\":\"_newOwner\",\"type\":\"address\"}],\"name\":\"transferOwnership\",\"outputs\":[],\"payable\":false,\"stateMutability\":\"nonpayable\",\"type\":\"function\"},{\"inputs\":[],\"payable\":false,\"stateMutability\":\"nonpayable\",\"type\":\"constructor\"},{\"anonymous\":false,\"inputs\":[],\"name\":\"Paused\",\"type\":\"event\"},{\"anonymous\":false,\"inputs\":[],\"name\":\"Unpaused\",\"type\":\"event\"},{\"anonymous\":false,\"inputs\":[{\"indexed\":true,\"name\":\"previousOwner\",\"type\":\"address\"}],\"name\":\"OwnershipRenounced\",\"type\":\"event\"},{\"anonymous\":false,\"inputs\":[{\"indexed\":true,\"name\":\"previousOwner\",\"type\":\"address\"},{\"indexed\":true,\"name\":\"newOwner\",\"type\":\"address\"}],\"name\":\"OwnershipTransferred\",\"type\":\"event\"},{\"anonymous\":false,\"inputs\":[{\"indexed\":true,\"name\":\"from\",\"type\":\"address\"},{\"indexed\":true,\"name\":\"to\",\"type\":\"address\"},{\"indexed\":false,\"name\":\"value\",\"type\":\"uint256\"}],\"name\":\"Transfer\",\"type\":\"event\"},{\"anonymous\":false,\"inputs\":[{\"indexed\":true,\"name\":\"owner\",\"type\":\"address\"},{\"indexed\":true,\"name\":\"spender\",\"type\":\"address\"},{\"indexed\":false,\"name\":\"value\",\"type\":\"uint256\"}],\"name\":\"Approval\",\"type\":\"event\"}]",
  "ContractName": "Lambda",
  "CompilerVersion": "v0.4.24+commit.e67f0147",
  "CompilerType": "solc",
  "OptimizationUsed": "1",
  "Runs": "200",
  "ConstructorArguments": "",
  "EVMVersion": "Default",
  "Library": "",
  "ContractFileName": "",
  "LicenseType": "",
  "Proxy": "0",
  "Implementation": "",
  "SwarmSource": "bzzr://e71699e392853efa3f12da2e772f439454104c0e869cce1e056509aac303a4db",
  "SimilarMatch": ""
}