{
  "transfer": {
    "balances": 4131
  },
  "transferFrom": {
    "allowed": 643,
    "balances": 4131
  },
  "approve": {
    "allowed": 643
  },
  "increaseApproval": {
    "allowed": 643
  },
  "decreaseApproval": {
    "allowed": 643
  },
  "pause": {
    "pausedOwnerAdmin": 1,
    "pausedPublic": 1
  },
  "transferOwnership": {
    "owner": 1
  },
  "allowance": {
    "allowed": 643
  },
  "balanceOf": {
    "balances": 4131
  },
  "burn": {
    "balances": 4131,
    "totalSupply": 1
  },
  "burnFrom": {
    "allowed": 643,
    "balances": 4131,
    "totalSupply": 1
  },
  "emergencyERC20Drain": {
    "owner": 1
  },
  "changeAdmin": {
    "admin": 1
  }
}