{
  "transfer": {
    "balances": 5022
  },
  "transferFrom": {
    "allowed": 768,
    "balances": 5022
  },
  "approve": {
    "allowed": 768
  },
  "increaseApproval": {
    "allowed": 768
  },
  "decreaseApproval": {
    "allowed": 768
  },
  "pause": {
    "pausedOwnerAdmin": 1,
    "pausedPublic": 1
  },
  "transferOwnership": {
    "owner": 1
  },
  "allowance": {
    "allowed": 768
  },
  "balanceOf": {
    "balances": 5022
  },
  "burn": {
    "balances": 5022,
    "totalSupply": 1
  },
  "burnFrom": {
    "allowed": 768,
    "balances": 5022,
    "totalSupply": 1
  },
  "emergencyERC20Drain": {
    "owner": 1
  },
  "changeAdmin": {
    "admin": 1
  }
}