{
  "balanceOf": {
    "balances": 1228
  },
  "allowance": {
    "allowed": 420
  },
  "transfer": {
    "balances": 1228
  },
  "approve": {
    "allowed": 420
  },
  "transferFrom": {
    "allowed": 420,
    "balances": 1228
  },
  "pause": {
    "paused": 1
  },
  "unpause": {
    "paused": 1
  },
  "removeController": {
    "controllers": 0
  },
  "increaseApproval": {
    "allowed": 420
  },
  "decreaseApproval": {
    "allowed": 420
  },
  "burn": {
    "balances": 1228,
    "totalSupply": 1
  }
}