{
  "balanceOf": {
    "balances": 623
  },
  "allowance": {
    "allowed": 307
  },
  "transfer": {
    "balances": 623
  },
  "approve": {
    "allowed": 307
  },
  "transferFrom": {
    "allowed": 307,
    "balances": 623
  },
  "pause": {
    "paused": 1
  },
  "unpause": {
    "paused": 1
  },
  "removeController": {
    "controllers": 0
  },
  "increaseApproval": {
    "allowed": 307
  },
  "decreaseApproval": {
    "allowed": 307
  },
  "burn": {
    "balances": 623,
    "totalSupply": 1
  }
}