{
  "balanceOf": {
    "balances": 4149
  },
  "allowance": {
    "allowed": 1823
  },
  "transfer": {
    "balances": 4149
  },
  "approve": {
    "allowed": 1823
  },
  "transferFrom": {
    "allowed": 1823,
    "balances": 4149
  },
  "pause": {
    "paused": 1
  },
  "unpause": {
    "paused": 1
  },
  "addController": {
    "controllers": 1
  },
  "removeController": {
    "controllers": 1
  },
  "increaseApproval": {
    "allowed": 1823
  },
  "decreaseApproval": {
    "allowed": 1823
  },
  "burn": {
    "balances": 4149,
    "totalSupply": 1
  }
}