{
  "balanceOf": {
    "balances": 2124
  },
  "allowance": {
    "allowed": 739
  },
  "transfer": {
    "balances": 2124
  },
  "approve": {
    "allowed": 739
  },
  "transferFrom": {
    "allowed": 739,
    "balances": 2124
  },
  "pause": {
    "paused": 1
  },
  "unpause": {
    "paused": 1
  },
  "addController": {
    "controllers": 1
  },
  "removeController": {
    "controllers": 1
  },
  "increaseApproval": {
    "allowed": 739
  },
  "decreaseApproval": {
    "allowed": 739
  },
  "burn": {
    "balances": 2124,
    "totalSupply": 1
  }
}