{
  "balanceOf": {
    "balances": 2894
  },
  "allowance": {
    "allowed": 1109
  },
  "transfer": {
    "balances": 2894
  },
  "approve": {
    "allowed": 1109
  },
  "transferFrom": {
    "allowed": 1109,
    "balances": 2894
  },
  "pause": {
    "paused": 1
  },
  "unpause": {
    "paused": 1
  },
  "addController": {
    "controllers": 1
  },
  "removeController": {
    "controllers": 1
  },
  "increaseApproval": {
    "allowed": 1109
  },
  "decreaseApproval": {
    "allowed": 1109
  },
  "burn": {
    "balances": 2894,
    "totalSupply": 1
  }
}