{
  "mint": {
    "balances": 4468,
    "totalSupply": 1
  },
  "finishMinting": {
    "mintingFinished": 1
  },
  "transferOwnership": {
    "owner": 1
  },
  "transferFrom": {
    "allowed": 677,
    "balances": 4468
  },
  "approve": {
    "allowed": 677
  },
  "allowance": {
    "allowed": 677
  },
  "increaseApproval": {
    "allowed": 677
  },
  "decreaseApproval": {
    "allowed": 677
  },
  "transfer": {
    "balances": 4468
  },
  "balanceOf": {
    "balances": 4468
  },
  "pause": {
    "paused": 1
  },
  "unpause": {
    "paused": 1
  }
}