{
  "transferPreSigned": {
    "balances": 3734
  },
  "transferPreSignedBulk": {
    "balances": 3734
  },
  "transferPreSignedMany": {
    "balances": 3734
  },
  "transfer": {
    "balances": 3734
  },
  "transferFrom": {
    "allowed": 2791,
    "balances": 3734
  },
  "approve": {
    "allowed": 2791
  },
  "increaseApproval": {
    "allowed": 2791
  },
  "decreaseApproval": {
    "allowed": 2791
  },
  "pause": {
    "paused": 1
  },
  "unpause": {
    "paused": 1
  },
  "transferOwnership": {
    "owner": 1
  },
  "totalSupply": {
    "totalSupply_": 1
  },
  "balanceOf": {
    "balances": 3734
  },
  "allowance": {
    "allowed": 2791
  },
  "mint": {
    "cap": 1,
    "totalSupply_": 1,
    "balances": 3734
  },
  "finishMinting": {
    "mintingFinished": 1
  }
}