{
  "mint": {
    "balances": 1735,
    "totalSupply": 1
  },
  "finishMinting": {
    "mintingFinished": 1
  },
  "transferOwnership": {
    "owner": 1
  },
  "transferFrom": {
    "allowed": 262,
    "balances": 1735
  },
  "approve": {
    "allowed": 262
  },
  "allowance": {
    "allowed": 262
  },
  "transfer": {
    "balances": 1735
  },
  "balanceOf": {
    "balances": 1735
  },
  "pause": {
    "paused": 1
  },
  "unpause": {
    "paused": 1
  },
  "burn": {
    "balances": 1735,
    "totalSupply": 1
  }
}