{
  "mint": {
    "balances": 4404,
    "totalSupply": 1
  },
  "finishMinting": {
    "mintingFinished": 1
  },
  "transferOwnership": {
    "owner": 1
  },
  "transferFrom": {
    "allowed": 679,
    "balances": 4404
  },
  "approve": {
    "allowed": 679
  },
  "allowance": {
    "allowed": 679
  },
  "transfer": {
    "balances": 4404
  },
  "balanceOf": {
    "balances": 4404
  },
  "pause": {
    "paused": 1
  },
  "unpause": {
    "paused": 1
  },
  "burn": {
    "balances": 4404,
    "totalSupply": 1
  }
}